Name,Position,Gender,Weight,Tags
Dr.,title,any,1.0,Default
Professor,title,any,1.0,Default
Captain,title,any,0.8,Default
Sir,title,male,0.5,Default
Lady,title,female,0.5,Default
Lord,title,male,0.5,Default
Dame,title,female,0.5,Default
Colonel,title,any,0.8,Default
Major,title,any,0.8,Default
Lieutenant,title,any,1.0,Default
Sergeant,title,any,1.0,Default
Admiral,title,any,0.7,Default
General,title,any,0.7,Default
Commander,title,any,0.8,Default
Chief,title,any,0.8,Default
Duke,title,male,0.3,Default
Duchess,title,female,0.3,Default
Count,title,male,0.3,Default
Countess,title,female,0.3,Default
Baron,title,male,0.3,Default
Baroness,title,female,0.3,Default
Knight,title,any,0.5,Default
Elder,title,any,0.8,Default
Reverend,title,any,1.0,Default
Father,title,male,1.0,Default
Mother,title,female,1.0,Default
Sister,title,female,1.0,Default
Brother,title,male,1.0,Default
Bishop,title,any,0.5,Default
Archbishop,title,any,0.3,Default
Judge,title,any,0.8,Default
Justice,title,any,0.8,Default
Senator,title,any,0.5,Default
Governor,title,any,0.5,Default
Mayor,title,any,0.8,Default
Chancellor,title,any,0.3,Default
Dean,title,any,1.0,Default
Magistrate,title,any,0.8,Default
Councilor,title,any,0.8,Default
Ambassador,title,any,0.5,Default
Minister,title,any,0.8,Default
Secretary,title,any,1.0,Default
President,title,any,0.3,Default
Vice President,title,any,0.3,Default
Chairman,title,male,0.8,Default
Chairwoman,title,female,0.8,Default
Director,title,any,0.8,Default
Superintendent,title,any,0.8,Default
Commissioner,title,any,0.8,Default
Inspector,title,any,1.0,Default
King,title,male,0.1,Default
Queen,title,female,0.1,Default
Prince,title,male,0.1,Default
Princess,title,female,0.1,Default
Master,title,male,1.0,Default
Mistress,title,female,1.0,Default
Esquire,title,any,1.0,Default
Aaquil,first,male,1.0,Blades - Dagger Isles|Blades - Iruvia
Ackley,first,male,1.0,Blades 68|Blades - Tycheros
Adric,first,male,1.0,Blades - Akoros
Afton,first,male,1.0,Blades - Akoros|Blades 68
Ajiyad,first,male,1.0,Blades - Dagger Isles|Blades - Iruvia
Akut,first,male,1.0,Blades - Dagger Isles|Blades - Tycheros
Alastair,first,male,1.0,Blades - Red Water|Blades - Skovlan
Alcee,first,male,1.0,Blades - Iruvia
Alcott,first,male,1.0,Blades - Akoros|Blades 68
Aldo,first,male,1.0,Blades - Severos
Alva,first,male,1.0,Blades - Akoros|Blades 68
Amado,first,male,1.0,Blades - Akoros|Blades - Dagger Isles
Amison,first,male,1.0,Blades - Akoros
Amit,first,male,1.0,Blades - Akoros|Blades - Dagger Isles
Ammog,first,male,1.0,Blades - Dagger Isles|Blades - Tycheros
Andrel,first,male,1.0,Blades - Akoros
Andres,first,male,1.0,Blades - Akoros|Blades - Dagger Isles
Angus,first,male,1.0,Blades - Dagger Isles|Blades - Severos
Antoine,first,male,1.0,Blades - Akoros|Blades - Red Water
Archie,first,male,1.0,Blades - Akoros|Blades 68
Arden,first,male,1.0,Blades - Skovlan|Test Names
Armand,first,male,1.0,Blades - Akoros|Blades - Red Water
Arnest,first,male,1.0,Blades - Akoros|Blades 68
Arquo,first,male,1.0,Blades - Akoros
Arvus,first,male,1.0,Blades - Severos
Atheer,first,male,1.0,Blades - Dagger Isles|Blades - Iruvia
Augustin,first,male,1.0,Blades - Akoros|Blades - Red Water
Augustus,first,male,1.0,Blades - Red Water|Blades - Severos
Ayodele,first,male,1.0,Blades - Red Water|Blades - Iruvia
Badar,first,male,1.0,Blades - Dagger Isles|Blades - Iruvia
Baddas,first,male,1.0,Blades - Dagger Isles|Blades - Severos
Bael,first,male,1.0,Blades - Dagger Isles|Blades - Tycheros
Barzin,first,male,1.0,Blades - Dagger Isles|Blades - Iruvia
Benedict,first,male,1.0,Blades - Akoros|Blades - Red Water
Benjamin,first,male,1.0,Blades - Akoros|Blades - Red Water|Test Names
Benson,first,male,1.0,Blades - Akoros|Blades 68
Bernard,first,male,1.0,Blades - Akoros|Blades - Red Water
Booker,first,male,1.0,Blades 68|Blades - Iruvia
Brace,first,male,1.0,Blades - Akoros
Brance,first,male,1.0,Blades - Akoros
Branon,first,male,1.0,Blades - Akoros
Brax,first,male,1.0,Blades 68|Blades - Tycheros
Bricks,first,male,1.0,Blades - Akoros
Buck,first,male,1.0,Blades - Akoros|Blades 68
Bud,first,male,1.0,Blades - Akoros|Blades 68
Burgess,first,male,1.0,Blades - Akoros|Blades 68
Cade,first,male,1.0,Blades - Akoros|Blades 68
Canden,first,male,1.0,Blades - Akoros|Blades 68
Canter,first,male,1.0,Blades - Akoros
Carro,first,male,1.0,Blades - Akoros
Cato,first,male,1.0,Blades - Red Water|Blades - Severos
Cedric,first,male,1.0,Blades - Akoros|Blades - Red Water
Charles,first,male,1.0,Blades - Akoros|Blades - Red Water|Test Names
Charlle,first,male,1.0,Blades - Akoros|Blades - Red Water
Charlot,first,male,1.0,Blades - Akoros|Blades - Red Water
Charo,first,male,1.0,Blades - Akoros|Blades - Dagger Isles
Christian,first,male,1.0,Blades - Akoros|Blades - Red Water
Christophe,first,male,1.0,Blades - Akoros|Blades - Red Water
Cireneo,first,male,1.0,Blades - Akoros|Blades - Dagger Isles
Clarence,first,male,1.0,Blades - Akoros|Blades - Red Water
Clave,first,male,1.0,Blades - Akoros
Cornelius,first,male,1.0,Blades - Red Water|Blades - Severos
Crab,first,male,1.0,Blades - Akoros|Blades 68
Cross,first,male,1.0,Blades - Akoros
Crowl,first,male,1.0,Blades - Akoros
Cyril,first,male,1.0,Blades - Akoros|Blades - Red Water
Danes,first,male,1.0,Blades - Akoros|Blades - Red Water
Dell,first,male,1.0,Blades - Akoros|Blades 68
Drav,first,male,1.0,Blades - Severos
Edward,first,male,1.0,Blades - Akoros|Blades - Red Water|Test Names
Edwin,first,male,1.0,Blades - Akoros|Blades 68
Elias,first,male,1.0,Blades - Dagger Isles|Blades - Severos
Elijah,first,male,1.0,Blades - Akoros|Blades - Red Water|Test Names
Emilio,first,male,1.0,Blades - Akoros|Blades - Dagger Isles
Endiddy,first,male,1.0,Blades - Akoros|Blades - Red Water
Erasme,first,male,1.0,Blades - Akoros|Blades - Red Water
Ernest,first,male,1.0,Blades - Akoros|Blades - Red Water
Esa,first,male,1.0,Blades - Akoros|Blades - Dagger Isles
Eugene,first,male,1.0,Blades - Akoros|Blades - Red Water
Fabio,first,male,1.0,Blades - Akoros|Blades - Dagger Isles
Fandy,first,male,1.0,Blades - Akoros|Blades 68
Fehmeed,first,male,1.0,Blades - Dagger Isles|Blades - Iruvia
Felix,first,male,1.0,Blades - Red Water|Blades - Tycheros
Ferdinand,first,male,1.0,Blades - Akoros|Blades - Red Water
Firash,first,male,1.0,Blades - Dagger Isles|Blades - Iruvia
Francis,first,male,1.0,Blades - Red Water|Blades - Severos
Francois,first,male,1.0,Blades - Red Water|Blades - Severos
Frank,first,male,1.0,Blades - Akoros|Blades 68
Frederick,first,male,1.0,Blades - Akoros|Blades - Red Water
Fuaad,first,male,1.0,Blades - Dagger Isles|Blades - Iruvia
Gage,first,male,1.0,Blades - Akoros|Blades 68
George,first,male,1.0,Blades - Akoros|Blades - Red Water|Test Names
Ghazaar,first,male,1.0,Blades - Dagger Isles|Blades - Iruvia
Gio,first,male,1.0,Blades - Akoros|Blades - Dagger Isles
Goose,first,male,1.0,Blades 68|Blades - Iruvia
Gregory,first,male,1.0,Blades - Akoros|Blades - Red Water
Grell,first,male,1.0,Blades - Akoros
Gustave,first,male,1.0,Blades - Akoros|Blades - Red Water
Halsey,first,male,1.0,Blades - Akoros|Blades 68
Haruun,first,male,1.0,Blades - Dagger Isles|Blades - Iruvia
Hataar,first,male,1.0,Blades - Dagger Isles|Blades - Iruvia
Hector,first,male,1.0,Blades - Akoros|Blades - Red Water
Helles,first,male,1.0,Blades - Skovlan
Herbert,first,male,1.0,Blades - Akoros|Blades - Red Water
Hix,first,male,1.0,Blades - Tycheros
Hoagie,first,male,1.0,Blades - Akoros|Blades 68
Holtz,first,male,1.0,Blades - Akoros
Honore,first,male,1.0,Blades - Akoros|Blades - Red Water
Hubert,first,male,1.0,Blades - Akoros|Blades - Red Water
Hypolite,first,male,1.0,Blades - Akoros|Blades - Red Water
Ibhar,first,male,1.0,Blades - Dagger Isles|Blades - Iruvia
Idrak,first,male,1.0,Blades - Dagger Isles|Blades - Iruvia
Ignace,first,male,1.0,Blades - Akoros
Isadore,first,male,1.0,Blades - Akoros|Blades - Red Water
Ishmael,first,male,1.0,Blades - Iruvia|Blades - Red Water
Isidro,first,male,1.0,Blades - Akoros|Blades - Dagger Isles
Jacoby,first,male,1.0,Blades - Akoros|Blades - Red Water
Jacques,first,male,1.0,Blades - Akoros|Blades - Red Water
James,first,male,1.0,Blades - Akoros|Blades - Red Water|Test Names
Jasper,first,male,1.0,Blades - Akoros|Blades - Red Water
Joaquin,first,male,1.0,Blades - Akoros|Blades - Dagger Isles
John,first,male,1.0,Blades - Akoros|Blades - Red Water|Test Names
Joseph,first,male,1.0,Blades - Akoros|Blades - Red Water|Test Names
Julian,first,male,1.0,Blades - Akoros|Blades - Red Water
Kassius,first,male,1.0,Blades 68|Blades - Severos
Kelyr,first,male,1.0,Blades - Severos
Ken,first,male,1.0,Blades - Akoros|Blades 68
Kenton,first,male,1.0,Blades - Akoros|Blades 68
Khajeer,first,male,1.0,Blades - Dagger Isles|Blades - Iruvia
Kleon,first,male,1.0,Blades 68|Blades - Tycheros
Kobb,first,male,1.0,Blades - Akoros|Blades 68
Konrad,first,male,1.0,Blades - Akoros|Blades 68
Kristov,first,male,1.0,Blades - Severos
Kyran,first,male,1.0,Blades - Severos|Blades 68
Lane,first,male,1.0,Blades - Akoros|Blades 68|Test Names
Largo,first,male,1.0,Blades - Akoros|Blades 68
Laudius,first,male,1.0,Blades - Severos
Laurent,first,male,1.0,Blades - Akoros|Blades - Red Water
Lawrence,first,male,1.0,Blades - Akoros|Blades - Red Water
Len,first,male,1.0,Blades - Akoros|Blades 68
Lucien,first,male,1.0,Blades - Akoros|Blades - Red Water
Mack,first,male,1.0,Blades 68|Blades - Skovlan
Makepeace,first,male,1.0,Blades - Akoros|Blades 68
Manuel,first,male,1.0,Blades - Akoros|Blades - Red Water
Marcel,first,male,1.0,Blades - Akoros|Blades - Red Water
Martin,first,male,1.0,Blades - Akoros|Blades - Red Water|Test Names
Maximilian,first,male,1.0,Blades - Akoros|Blades - Red Water
Maymuun,first,male,1.0,Blades - Dagger Isles|Blades - Iruvia
Merl,first,male,1.0,Blades - Akoros|Blades 68
Michael,first,male,1.0,Blades - Akoros|Blades - Red Water|Test Names
Milos,first,male,1.0,Blades - Severos
Morlan,first,male,1.0,Blades - Skovlan
Morris,first,male,1.0,Blades 68|Blades - Severos
Narcus,first,male,1.0,Blades - Tycheros
Nathaniel,first,male,1.0,Blades - Akoros|Blades - Red Water
Nicholas,first,male,1.0,Blades - Red Water|Test Names|Blades - Severos
Nico,first,male,1.0,Blades - Akoros|Blades - Red Water
Nicolas,first,male,1.0,Blades - Red Water|Blades - Severos
Noggs,first,male,1.0,Blades - Tycheros
Orlan,first,male,1.0,Blades - Skovlan
Oswald,first,male,1.0,Blades - Akoros|Blades - Red Water
Pascal,first,male,1.0,Blades - Akoros|Blades - Red Water
Patrik,first,male,1.0,Blades - Akoros|Blades 68
Penn,first,male,1.0,Blades - Akoros|Blades 68
Percival,first,male,1.0,Blades - Akoros|Blades - Red Water
Phillipe,first,male,1.0,Blades - Akoros|Blades - Red Water
Phin,first,male,1.0,Blades - Akoros
Poupon,first,male,1.0,Blades - Akoros
Prosper,first,male,1.0,Blades - Akoros|Blades - Red Water
Qawi,first,male,1.0,Blades - Dagger Isles|Blades - Iruvia
Quentin,first,male,1.0,Blades - Akoros|Blades - Red Water
Quess,first,male,1.0,Blades - Akoros
Raphael,first,male,1.0,Blades - Akoros|Blades - Red Water
Reginald,first,male,1.0,Blades - Akoros|Blades - Red Water
Ring,first,male,1.0,Blades - Akoros
Robert,first,male,1.0,Blades - Akoros|Blades - Red Water|Test Names
Roethe,first,male,1.0,Blades - Akoros
Rowan,first,male,1.0,Blades - Red Water|Blades - Skovlan|Test Names
Rupert,first,male,1.0,Blades - Akoros|Blades - Red Water
Sabit,first,male,1.0,Blades - Dagger Isles|Blades - Iruvia
Samuel,first,male,1.0,Blades - Akoros|Blades - Red Water|Test Names
Santino,first,male,1.0,Blades - Akoros|Blades - Dagger Isles
Sebastian,first,male,1.0,Blades - Akoros|Blades - Red Water|Test Names
Shaw,first,male,1.0,Blades - Akoros|Blades 68
Silas,first,male,1.0,Blades - Red Water|Blades 68|Blades - Severos
Simon,first,male,1.0,Blades - Akoros|Blades - Red Water
Skannon,first,male,1.0,Blades - Akoros
Stavrul,first,male,1.0,Blades - Severos
Stephen,first,male,1.0,Blades - Akoros|Blades - Red Water
Stev,first,male,1.0,Blades - Severos
Taseen,first,male,1.0,Blades - Dagger Isles|Blades - Iruvia
Theodore,first,male,1.0,Blades - Akoros|Blades - Red Water|Test Names
Theodule,first,male,1.0,Blades - Akoros|Blades - Red Water
Thomas,first,male,1.0,Blades - Red Water|Test Names|Blades - Severos
Timoth,first,male,1.0,Blades - Akoros
Tobias,first,male,1.0,Blades - Red Water|Blades - Severos
Tocker,first,male,1.0,Blades - Akoros
Tomas,first,male,1.0,Blades - Red Water|Blades - Severos
Twiggy,first,male,1.0,Blades - Akoros|Blades 68
Umar,first,male,1.0,Blades - Dagger Isles|Blades - Iruvia
Vaurin,first,male,1.0,Blades - Tycheros
Veleris,first,male,1.0,Blades - Severos
Vernon,first,male,1.0,Blades - Akoros|Blades - Red Water
Vey,first,male,1.0,Blades - Akoros
Victor,first,male,1.0,Blades - Akoros|Blades - Red Water
Vincent,first,male,1.0,Blades - Akoros|Blades - Red Water
Virgil,first,male,1.0,Blades - Akoros|Blades - Red Water
Vond,first,male,1.0,Blades - Severos
Waase,first,male,1.0,Blades - Tycheros
Walter,first,male,1.0,Blades - Akoros|Blades - Red Water
Weaver,first,male,1.0,Blades - Akoros
Wester,first,male,1.0,Blades - Akoros
William,first,male,1.0,Blades - Akoros|Blades - Red Water|Test Names
Xavier,first,male,1.0,Blades - Akoros|Blades - Red Water
Yury,first,male,1.0,Blades - Red Water|Blades - Severos
Yusuf,first,male,1.0,Blades - Akoros|Blades - Dagger Isles
Zaafer,first,male,1.0,Blades - Dagger Isles|Blades - Iruvia
Aafaaq,first,female,1.0,Blades - Dagger Isles|Blades - Iruvia
Aafiyat,first,female,1.0,Blades - Dagger Isles|Blades - Iruvia
Aarifa,first,female,1.0,Blades - Dagger Isles|Blades - Iruvia
Aati,first,female,1.0,Blades - Dagger Isles|Blades - Iruvia
Aayizah,first,female,1.0,Blades - Dagger Isles|Blades - Iruvia
Adelaide,first,female,1.0,Blades - Akoros|Blades - Red Water
Adele,first,female,1.0,Blades - Akoros|Blades - Red Water
Aida,first,female,1.0,Blades - Akoros|Blades 68
Althea,first,female,1.0,Blades - Akoros|Blades 68
Amara,first,female,1.0,Blades - Akoros|Blades - Red Water|Blades 68
Anada,first,female,1.0,Blades - Akoros|Blades - Dagger Isles
Angelique,first,female,1.0,Blades - Akoros|Blades - Red Water
Aniya,first,female,1.0,Blades - Akoros|Blades 68
Ann,first,female,1.0,Blades - Akoros|Blades - Red Water
Arcy,first,female,1.0,Blades - Akoros
Arilyn,first,female,1.0,Blades - Akoros
Ashlyn,first,female,1.0,Blades - Akoros
Brena,first,female,1.0,Blades - Skovlan
Camilla,first,female,1.0,Blades - Akoros|Blades - Red Water
Carissa,first,female,1.0,Blades - Akoros
Carmelite,first,female,1.0,Blades - Akoros|Blades - Red Water
Casslyn,first,female,1.0,Blades - Akoros
Cavelle,first,female,1.0,Blades - Akoros
Celeste,first,female,1.0,Blades - Akoros|Blades - Red Water
Celia,first,female,1.0,Blades - Akoros|Blades - Red Water
Celine,first,female,1.0,Blades - Akoros|Blades - Red Water
Charlotte,first,female,1.0,Blades - Akoros|Blades - Red Water|Test Names
Clara,first,female,1.0,Blades - Akoros|Blades - Red Water
Clemence,first,female,1.0,Blades - Akoros|Blades - Red Water
Colette,first,female,1.0,Blades - Akoros|Blades - Red Water
Corille,first,female,1.0,Blades - Akoros
Corliss,first,female,1.0,Blades - Akoros|Blades 68
Cyrene,first,female,1.0,Blades - Akoros
Daphnia,first,female,1.0,Blades - Akoros
Darette,first,female,1.0,Blades - Red Water|Blades - Tycheros
Delphine,first,female,1.0,Blades - Akoros|Blades - Red Water
Dominique,first,female,1.0,Blades - Akoros|Blades - Red Water
Eleanor,first,female,1.0,Blades - Akoros|Blades - Red Water|Test Names
Elesha,first,female,1.0,Blades - Akoros|Blades 68
Elizabeth,first,female,1.0,Blades - Red Water|Test Names|Blades - Tycheros
Eloise,first,female,1.0,Blades - Akoros|Blades - Red Water
Emeline,first,female,1.0,Blades - Akoros
Eulalie,first,female,1.0,Blades - Akoros|Blades - Red Water
Euprosine,first,female,1.0,Blades - Akoros|Blades - Red Water
Eva,first,female,1.0,Blades - Akoros|Blades 68
Evangeline,first,female,1.0,Blades - Akoros|Blades - Red Water
Felicie,first,female,1.0,Blades - Akoros|Blades - Red Water
Felicity,first,female,1.0,Blades - Akoros|Blades - Red Water
Francoise,first,female,1.0,Blades - Akoros|Blades - Red Water
Halina,first,female,1.0,Blades - Akoros|Blades - Dagger Isles
Hannah,first,female,1.0,Blades - Akoros|Blades - Red Water|Test Names
Helena,first,female,1.0,Blades - Akoros|Blades - Red Water
Heloise,first,female,1.0,Blades - Akoros|Blades - Red Water
Henriette,first,female,1.0,Blades - Akoros|Blades - Red Water
Hollace,first,female,1.0,Blades - Akoros|Blades 68
Hollie,first,female,1.0,Blades - Akoros|Blades 68
Inda,first,female,1.0,Blades - Akoros|Blades - Dagger Isles
Indeela,first,female,1.0,Blades - Dagger Isles|Blades - Iruvia
Ingrid,first,female,1.0,Blades - Akoros|Blades - Red Water
Isadora,first,female,1.0,Blades - Akoros|Blades - Red Water
Isra,first,female,1.0,Blades - Dagger Isles|Blades - Iruvia
Jaina,first,female,1.0,Blades - Akoros|Blades - Dagger Isles
Jane,first,female,1.0,Blades - Akoros|Blades - Red Water
Jara,first,female,1.0,Blades - Akoros|Blades 68
Jeanette,first,female,1.0,Blades - Akoros|Blades - Red Water
Josslin,first,female,1.0,Blades - Akoros|Blades 68
Julia,first,female,1.0,Blades - Akoros|Blades - Red Water
Kamala,first,female,1.0,Blades - Dagger Isles|Blades - Iruvia
Kay,first,female,1.0,Blades - Akoros|Blades 68
Klara,first,female,1.0,Blades - Akoros|Blades 68
Kyra,first,female,1.0,Blades - Severos|Blades 68
Latipah,first,female,1.0,Blades - Dagger Isles|Blades - Iruvia
Lauria,first,female,1.0,Blades - Akoros
Lenia,first,female,1.0,Blades - Akoros
Leticia,first,female,1.0,Blades - Akoros|Blades - Red Water
Lila,first,female,1.0,Blades - Akoros|Blades - Red Water
Lizete,first,female,1.0,Blades - Akoros
Lorette,first,female,1.0,Blades - Akoros
Lorna,first,female,1.0,Blades - Akoros|Blades 68
Louisa,first,female,1.0,Blades - Akoros|Blades - Red Water
Lucella,first,female,1.0,Blades - Akoros
Lucy,first,female,1.0,Blades - Akoros|Blades - Red Water|Test Names
Luella,first,female,1.0,Blades - Akoros|Blades 68
Lynthia,first,female,1.0,Blades - Akoros
Maida,first,female,1.0,Blades - Akoros|Blades 68
Manon,first,female,1.0,Blades - Akoros|Blades - Red Water
Mara,first,female,1.0,Blades - Akoros|Blades - Dagger Isles
Marceline,first,female,1.0,Blades - Akoros|Blades - Red Water
Marcelle,first,female,1.0,Blades - Akoros|Blades - Red Water
Marianne,first,female,1.0,Blades - Akoros|Blades - Red Water
Marisol,first,female,1.0,Blades - Akoros|Blades - Red Water
Martha,first,female,1.0,Blades - Akoros|Blades - Red Water
Mary,first,female,1.0,Blades - Akoros|Blades - Red Water
Mauntine,first,female,1.0,Blades - Akoros|Blades - Red Water
Maya,first,female,1.0,Blades - Akoros|Blades - Red Water
Midge,first,female,1.0,Blades - Akoros|Blades 68
Monique,first,female,1.0,Blades - Akoros|Blades - Red Water
Myre,first,female,1.0,Blades - Akoros
Naomi,first,female,1.0,Blades - Akoros|Blades - Red Water
Naria,first,female,1.0,Blades - Akoros
Nathalie,first,female,1.0,Blades - Akoros|Blades - Red Water
Odette,first,female,1.0,Blades - Akoros|Blades - Red Water
Odrienne,first,female,1.0,Blades - Akoros
Olivia,first,female,1.0,Blades - Akoros|Blades - Red Water|Test Names
Peggy,first,female,1.0,Blades - Akoros|Blades 68
Perla,first,female,1.0,Blades - Akoros|Blades - Dagger Isles
Polonia,first,female,1.0,Blades - Akoros
Remira,first,female,1.0,Blades - Akoros
Ria,first,female,1.0,Blades - Akoros|Blades - Dagger Isles
Rosalind,first,female,1.0,Blades - Akoros|Blades - Red Water
Rufqa,first,female,1.0,Blades - Dagger Isles|Blades - Iruvia
Sa'ana,first,female,1.0,Blades - Akoros|Blades - Iruvia|Blades 68
Sakina,first,female,1.0,Blades - Akoros|Blades - Iruvia|Blades 68
Serafine,first,female,1.0,Blades - Akoros|Blades - Red Water
Seraphina,first,female,1.0,Blades - Akoros|Blades - Red Water
Seraphine,first,female,1.0,Blades - Akoros|Blades - Red Water
Sesereth,first,female,1.0,Blades - Tycheros
Sethla,first,female,1.0,Blades - Tycheros
Sineen,first,female,1.0,Blades - Dagger Isles|Blades - Iruvia
Sophia,first,female,1.0,Blades - Akoros|Blades - Red Water|Test Names
Susannah,first,female,1.0,Blades - Akoros|Blades - Red Water
Suzanne,first,female,1.0,Blades - Akoros|Blades - Red Water
Syra,first,female,1.0,Blades - Tycheros
Talitha,first,female,1.0,Blades - Akoros
Tesslyn,first,female,1.0,Blades - Akoros
Thena,first,female,1.0,Blades - Akoros
Tia,first,female,1.0,Blades - Akoros|Blades - Dagger Isles
Tova,first,female,1.0,Blades - Akoros|Blades 68
Trudie,first,female,1.0,Blades - Akoros|Blades 68
Una,first,female,1.0,Blades - Akoros|Blades 68
Ursula,first,female,1.0,Blades - Akoros|Blades - Red Water
Valentina,first,female,1.0,Blades - Akoros|Blades - Red Water
Veretta,first,female,1.0,Blades - Tycheros
Vesper,first,female,1.0,Blades 68|Test Names|Blades - Tycheros
Vestine,first,female,1.0,Blades - Tycheros
Vida,first,female,1.0,Blades - Akoros|Blades - Dagger Isles
Virgine,first,female,1.0,Blades - Akoros|Blades - Red Water
Vivienne,first,female,1.0,Blades - Akoros|Blades - Red Water
Volette,first,female,1.0,Blades - Tycheros
Wadida,first,female,1.0,Blades - Dagger Isles|Blades - Iruvia
Warrda,first,female,1.0,Blades - Dagger Isles|Blades - Iruvia
Wifaq,first,female,1.0,Blades - Dagger Isles|Blades - Iruvia
Yaqeen,first,female,1.0,Blades - Dagger Isles|Blades - Iruvia
Yvette,first,female,1.0,Blades - Akoros|Blades - Red Water
Zaituna,first,female,1.0,Blades - Dagger Isles|Blades - Iruvia
Zamira,first,female,1.0,Blades - Akoros|Blades - Dagger Isles
Auza,first,ambiguous,1.0,Blades - Akoros|Blades - Dagger Isles
Awa,first,ambiguous,1.0,Blades - Akoros|Blades - Dagger Isles
Nor,first,ambiguous,1.0,Blades - Akoros|Blades - Dagger Isles
Ankhayat,last,any,1.0,Blades - Iruvia
Arran,last,any,1.0,Blades - Skovlan
Athanoch,last,any,1.0,Blades - Tycheros
Basran,last,any,1.0,Blades - Skovlan
Boden,last,any,1.0,Blades - Skovlan
Bowman,last,any,1.0,Blades - Skovlan|Blades 68
Breakiron,last,any,1.0,Blades - Skovlan|Blades 68
Brogan,last,any,1.0,Blades - Skovlan
Clelland,last,any,1.0,Blades - Skovlan
Clermont,last,any,1.0,Blades - Skovlan
Coleburn,last,any,1.0,Blades - Skovlan|Blades 68
Comber,last,any,1.0,Blades - Skovlan
Daava,last,any,1.0,Blades - Skovlan
Dalmore,last,any,1.0,Blades - Skovlan
Danfield,last,any,1.0,Blades - Skovlan
Dunvil,last,any,1.0,Blades - Skovlan
Farros,last,any,1.0,Blades - Skovlan
Grine,last,any,1.0,Blades - Skovlan
Haig,last,any,1.0,Blades - Skovlan|Blades 68
Helker,last,any,1.0,Blades - Skovlan
Hellyers,last,any,1.0,Blades - Skovlan
Jeduin,last,any,1.0,Blades - Skovlan|Blades 68
Kardera,last,any,1.0,Blades - Skovlan
Karstas,last,any,1.0,Blades - Skovlan
Keel,last,any,1.0,Blades - Skovlan
Kessarin,last,any,1.0,Blades - Skovlan
Kinclaith,last,any,1.0,Blades - Skovlan
Lomond,last,any,1.0,Blades - Skovlan|Blades 68
Maroden,last,any,1.0,Blades - Skovlan
Michter,last,any,1.0,Blades - Skovlan
Morriston,last,any,1.0,Blades - Skovlan|Blades 68
Papadopoulos,last,any,1.0,Blades - Severos
Penderyn,last,any,1.0,Blades - Skovlan
Prichard,last,any,1.0,Blades - Skovlan|Blades 68
Sevoy,last,any,1.0,Blades - Skovlan
Skelkallan,last,any,1.0,Blades - Skovlan
Skora,last,any,1.0,Blades - Skovlan
Slane,last,any,1.0,Blades - Skovlan
Strangford,last,any,1.0,Blades - Skovlan
Strathmill,last,any,1.0,Blades - Skovlan
Templeton,last,any,1.0,Blades - Skovlan
Tyrconnell,last,any,1.0,Blades - Skovlan
Vale,last,any,1.0,Blades - Skovlan
Walund,last,any,1.0,Blades - Skovlan
Welker,last,any,1.0,Blades - Skovlan
Ace,nickname,any,1.0,Blades - Akoros|Test Names
Anvil,nickname,any,1.0,Blades - Akoros
Ashtray,nickname,any,1.0,Blades - Akoros
Axe,nickname,any,1.0,Blades - Akoros
B-Train,nickname,any,1.0,Blades - Akoros
Bankshot,nickname,any,1.0,Blades - Akoros
Beans,nickname,any,1.0,Blades - Akoros
Beast,nickname,any,1.0,Blades - Akoros
Bell,nickname,any,1.0,Blades - Akoros
Birch,nickname,any,1.0,Blades - Akoros
Bird,nickname,any,1.0,Blades - Akoros|Blades - Red Water
Bliss,nickname,any,1.0,Blades - Akoros
Broom,nickname,any,1.0,Blades - Iruvia
Bug,nickname,any,1.0,Blades - Akoros
Bull,nickname,any,1.0,Blades - Akoros
Buzz,nickname,any,1.0,Blades - Akoros
Cage,nickname,any,1.0,Blades - Akoros
Cannon,nickname,any,1.0,Blades - Akoros|Blades 68
Chime,nickname,any,1.0,Blades - Akoros
Chips,nickname,any,1.0,Blades - Akoros
Cipher,nickname,any,1.0,Blades - Akoros|Test Names
Coil,nickname,any,1.0,Blades - Akoros
Cricket,nickname,any,1.0,Blades - Akoros
Crow,nickname,any,1.0,Blades - Akoros
Dagger,nickname,any,1.0,Blades - Akoros
Daisy,nickname,any,1.0,Blades - Akoros
Dart,nickname,any,1.0,Blades - Tycheros
Dead,nickname,any,1.0,Blades - Akoros
Dimmer 51,nickname,any,1.0,Blades - Akoros
Domino,nickname,any,1.0,Blades - Akoros
Dove,nickname,any,1.0,Blades - Akoros
Drop,nickname,any,1.0,Blades - Akoros
Echo,nickname,any,1.0,Blades - Akoros|Test Names
Ember,nickname,any,1.0,Blades - Akoros|Test Names
Falcon,nickname,any,1.0,Blades - Akoros
Filch,nickname,any,1.0,Blades - Akoros
Flint,nickname,any,1.0,Blades - Akoros
Fox,nickname,any,1.0,Blades - Akoros|Test Names
Frog,nickname,any,1.0,Blades - Akoros
Frost,nickname,any,1.0,Blades - Akoros
Goldy,nickname,any,1.0,Blades - Akoros
Grip,nickname,any,1.0,Blades - Akoros
Hammer,nickname,any,1.0,Blades - Akoros|Test Names
Hardware,nickname,any,1.0,Blades - Akoros
Hatchet,nickname,any,1.0,Blades - Akoros
Hawk,nickname,any,1.0,Blades - Akoros|Test Names
Haywire,nickname,any,1.0,Blades - Akoros
Heel,nickname,any,1.0,Blades - Iruvia
Highbinder,nickname,any,1.0,Blades - Iruvia
Hooch,nickname,any,1.0,Blades - Tycheros
Hook,nickname,any,1.0,Blades - Iruvia
Howler,nickname,any,1.0,Blades - Akoros
Ink,nickname,any,1.0,Blades - Akoros
Jackal,nickname,any,1.0,Blades - Akoros
Jager,nickname,any,1.0,Blades - Akoros
Junker,nickname,any,1.0,Blades - Akoros
Knockout,nickname,any,1.0,Blades - Akoros
Lucky,nickname,any,1.0,Blades - Akoros|Test Names
Lullaby,nickname,any,1.0,Blades - Akoros
Midnight,nickname,any,1.0,Blades - Iruvia
Mist,nickname,any,1.0,Blades - Akoros
Moon,nickname,any,1.0,Blades - Iruvia
Moth,nickname,any,1.0,Blades - Akoros
Mule,nickname,any,1.0,Blades - Akoros
Nail,nickname,any,1.0,Blades - Akoros
Needle,nickname,any,1.0,Blades - Iruvia
Nemesis,nickname,any,1.0,Blades - Severos
Ogre,nickname,any,1.0,Blades - Akoros
Peaches,nickname,any,1.0,Blades - Akoros
Pool,nickname,any,1.0,Blades - Iruvia
Razor,nickname,any,1.0,Blades - Akoros|Test Names
Recursion,nickname,any,1.0,Blades - Akoros
Riot,nickname,any,1.0,Blades - Akoros
River,nickname,any,1.0,Blades - Akoros|Test Names
Ruby,nickname,any,1.0,Blades - Akoros|Test Names
Sage,nickname,any,1.0,Blades - Akoros|Test Names
Salt,nickname,any,1.0,Blades - Akoros
Savvy,nickname,any,1.0,Blades - Akoros
Scarlet,nickname,any,1.0,Blades - Akoros
Serpent,nickname,any,1.0,Blades - Akoros
Shimmer,nickname,any,1.0,Blades - Akoros
Shiv,nickname,any,1.0,Blades - Akoros
Silhouette,nickname,any,1.0,Blades - Akoros
Silver,nickname,any,1.0,Blades - Akoros
Skinner,nickname,any,1.0,Blades - Akoros
Sky,nickname,any,1.0,Blades - Akoros|Test Names
Song,nickname,any,1.0,Blades - Akoros|Blades - Dagger Isles
Sparrow,nickname,any,1.0,Blades - Akoros|Test Names
Spectre,nickname,any,1.0,Blades - Akoros
Spinner,nickname,any,1.0,Blades - Akoros
Spur,nickname,any,1.0,Blades - Akoros
Stud,nickname,any,1.0,Blades - Akoros
Tackle,nickname,any,1.0,Blades - Tycheros
Thistle,nickname,any,1.0,Blades - Akoros
Thorn,nickname,any,1.0,Blades - Akoros
Tick Tock,nickname,any,1.0,Blades - Akoros
Trick,nickname,any,1.0,Blades - Akoros
Turbo,nickname,any,1.0,Blades - Akoros
Velocity,nickname,any,1.0,Blades - Akoros
Vermin,nickname,any,1.0,Blades - Akoros
Vex,nickname,any,1.0,Blades - Tycheros
Viper,nickname,any,1.0,Blades - Akoros|Test Names
Vixen,nickname,any,1.0,Blades - Akoros
Vortex,nickname,any,1.0,Blades - Tycheros
Wheels,nickname,any,1.0,Blades - Iruvia
Whip,nickname,any,1.0,Blades - Akoros
Wicker,nickname,any,1.0,Blades - Akoros
Yearling,nickname,any,1.0,Blades - Akoros
Yeoman,nickname,any,1.0,Blades - Akoros
Yin,nickname,any,1.0,Blades - Akoros
Zebra,nickname,any,1.0,Blades - Akoros
Zed,nickname,any,1.0,Blades - Akoros
Zee,nickname,any,1.0,Blades - Iruvia
Zephyr,nickname,any,1.0,Test Names|Blades - Severos
Cecil,first,male,1.0,Blades - Akoros|Blades 68
Colman,first,male,1.0,Blades - Akoros|Blades - Red Water|Blades 68
Con,first,male,1.0,Blades - Akoros|Blades 68
Darrick,first,male,1.0,Blades 68|Blades - Tycheros
Darry,first,male,1.0,Blades 68|Blades - Tycheros
Davit,first,male,1.0,Blades - Akoros|Blades 68
Digby,first,male,1.0,Blades - Akoros|Blades 68
Gene,first,male,1.0,Blades - Akoros|Blades 68
Grigor,first,male,1.0,Blades - Akoros|Blades 68
Hakob,first,male,1.0,Blades - Akoros|Blades 68
Hutton,first,male,1.0,Blades - Akoros|Blades 68
Karter,first,male,1.0,Blades - Akoros|Blades 68
Wayland,first,male,1.0,Blades - Akoros|Blades 68
Winstone,first,male,1.0,Blades - Akoros|Blades 68
Zoltan,first,male,1.0,Blades - Akoros|Blades 68
Brielle,first,female,1.0,Blades - Akoros|Blades 68
Cyra,first,female,1.0,Blades - Akoros|Blades 68
Demelza,first,female,1.0,Blades - Akoros|Blades 68
Eartha,first,female,1.0,Blades - Akoros|Blades 68
Edda,first,female,1.0,Blades - Akoros|Blades 68
Farra,first,female,1.0,Blades - Akoros|Blades 68
Hadwig,first,female,1.0,Blades - Akoros|Blades 68
Hattie,first,female,1.0,Blades - Akoros|Blades 68
Hellebore,first,female,1.0,Blades - Akoros|Blades 68
Suranna,first,female,1.0,Blades - Akoros|Blades 68
Ives,first,ambiguous,1.0,Blades 68|Blades - Tycheros
Jag,first,ambiguous,1.0,Blades - Akoros|Blades 68
Jett,first,ambiguous,1.0,Blades - Akoros|Blades 68
Kace,first,ambiguous,1.0,Blades - Akoros|Blades 68
Kaede,first,ambiguous,1.0,Blades - Akoros|Blades 68
Kagney,first,ambiguous,1.0,Blades - Akoros|Blades 68
Kamryn,first,ambiguous,1.0,Blades - Akoros|Blades 68
Myka,first,ambiguous,1.0,Blades - Akoros|Blades 68
Pick,first,ambiguous,1.0,Blades - Akoros|Blades 68
Sezar,first,ambiguous,1.0,Blades - Akoros|Blades 68
Slade,first,ambiguous,1.0,Blades - Akoros|Blades 68
Sylas,first,ambiguous,1.0,Blades 68|Blades - Severos
Tye,first,ambiguous,1.0,Blades - Akoros|Blades 68
Veda,first,ambiguous,1.0,Blades - Akoros|Blades 68
Zig,first,ambiguous,1.0,Blades - Akoros|Blades 68
Adair,last,any,1.0,Blades - Akoros|Blades 68
Annan,last,any,1.0,Blades - Akoros|Blades 68
Ariss,last,any,1.0,Blades - Akoros|Blades 68
Arundel,last,any,1.0,Blades - Akoros|Blades 68
Avrathi,last,any,1.0,Blades - Tycheros|Blades 68
Baine,last,any,1.0,Blades - Akoros|Blades 68
Barston,last,any,1.0,Blades - Akoros|Blades 68
Beldon,last,any,1.0,Blades 68|Blades - Skovlan
Blodgett,last,any,1.0,Blades - Akoros|Blades 68
Blossom,last,any,1.0,Blades - Akoros|Blades 68
Bray,last,any,1.0,Blades - Akoros|Blades 68
Bromston,last,any,1.0,Blades - Akoros|Blades 68
Burne,last,any,1.0,Blades - Akoros|Blades 68
Cairn,last,any,1.0,Blades 68|Blades - Skovlan
Carver,last,any,1.0,Blades - Akoros|Blades 68
Castelle,last,any,1.0,Blades - Akoros|Blades 68
Caul,last,any,1.0,Blades 68|Blades - Severos
Cooper,last,any,1.0,Blades 68|Blades - Iruvia
Croker,last,any,1.0,Blades - Akoros|Blades 68
Daralis,last,any,1.0,Blades - Tycheros|Blades 68
Darrow,last,any,1.0,Blades 68|Blades - Tycheros
Dorston,last,any,1.0,Blades - Akoros|Blades 68
Drexler,last,any,1.0,Blades - Akoros|Blades 68
Eadon,last,any,1.0,Blades 68|Blades - Skovlan
Fanchon,last,any,1.0,Blades - Akoros|Blades 68
Fane,last,any,1.0,Blades - Akoros|Blades 68
Fearnought,last,any,1.0,Blades 68|Blades - Iruvia
Fillburn,last,any,1.0,Blades 68|Blades - Skovlan
Fisher,last,any,1.0,Blades - Akoros|Blades 68
Gaunt,last,any,1.0,Blades - Akoros|Blades 68
Harland,last,any,1.0,Blades - Akoros|Blades 68
Kael,last,any,1.0,Blades - Akoros|Blades 68
Kalbert,last,any,1.0,Blades - Akoros|Blades 68
Killick,last,any,1.0,Blades - Akoros|Blades 68
Kipp,last,any,1.0,Blades - Akoros|Blades 68
Klevanu,last,any,1.0,Blades - Tycheros|Blades 68
Krabston,last,any,1.0,Blades - Akoros|Blades 68
Krumb,last,any,1.0,Blades - Akoros|Blades 68
Litton,last,any,1.0,Blades - Akoros|Blades 68
Malvern,last,any,1.0,Blades - Akoros|Blades 68
Mandrake,last,any,1.0,Blades - Akoros|Blades 68
Marburn,last,any,1.0,Blades 68|Blades - Skovlan
Mead,last,any,1.0,Blades - Akoros|Blades 68
Morsey,last,any,1.0,Blades - Akoros|Blades 68
Morven,last,any,1.0,Blades - Akoros|Blades 68
Newcombe,last,any,1.0,Blades - Akoros|Blades 68
Nox,last,any,1.0,Blades - Tycheros|Blades 68
Noyle,last,any,1.0,Blades - Akoros|Blades 68
Om,last,any,1.0,Blades - Tycheros|Blades 68
Orman,last,any,1.0,Blades - Akoros|Blades 68
Perriston,last,any,1.0,Blades - Akoros|Blades 68
Preston,last,any,1.0,Blades - Akoros|Blades 68
Rannoch,last,any,1.0,Blades - Skovlan|Blades 68
Ransom,last,any,1.0,Blades - Akoros|Blades 68
Reedy,last,any,1.0,Blades 68|Blades - Iruvia
Scapa,last,any,1.0,Blades - Skovlan|Blades 68
Slyde,last,any,1.0,Blades - Akoros|Blades 68
Stanmont,last,any,1.0,Blades - Akoros|Blades 68
Starr,last,any,1.0,Blades - Akoros|Blades 68
Stett,last,any,1.0,Blades - Akoros|Blades 68
Stromberg,last,any,1.0,Blades - Akoros|Blades 68
Suresh,last,any,1.0,Blades - Iruvia|Blades 68
Torrin,last,any,1.0,Blades - Akoros|Blades 68
Utley,last,any,1.0,Blades - Akoros|Blades 68
Varden,last,any,1.0,Blades - Akoros|Blades 68
Vass,last,any,1.0,Blades - Akoros|Blades 68
Zorin,last,any,1.0,Blades - Akoros|Blades 68
Sigur,last,any,1.0,Blades - Red Water
Kofi,last,any,1.0,Blades - Red Water
Dubois,last,any,1.0,Blades - Red Water
Broussard,last,any,1.0,Blades - Red Water
Kilby,last,any,1.0,Blades - Red Water
Lasalle,last,any,1.0,Blades - Red Water
Allen,last,any,1.0,Blades - Red Water|Test Names
Haines,last,any,1.0,Blades - Red Water
Forneret,last,any,1.0,Blades - Red Water
Lefer,last,any,1.0,Blades - Red Water
Lancaster,last,any,1.0,Blades - Red Water
Spencer,last,any,1.0,Blades - Red Water
Montclair,last,any,1.0,Blades - Red Water
Beauvais,last,any,1.0,Blades - Red Water
Chin,last,any,1.0,Blades - Red Water
Warbourg,last,any,1.0,Blades - Red Water
Foucher,last,any,1.0,Blades - Red Water
Price,last,any,1.0,Blades - Red Water
Landry,last,any,1.0,Blades - Red Water
Jones,last,any,1.0,Blades - Red Water|Test Names
Leclerc,last,any,1.0,Blades - Red Water
List,last,any,1.0,Blades - Red Water
Thorne,last,any,1.0,Blades - Red Water
Brighton,last,any,1.0,Blades - Red Water
Cazelar,last,any,1.0,Blades - Red Water
Brion,last,any,1.0,Blades - Red Water
Burel,last,any,1.0,Blades - Red Water
Brown,last,any,1.0,Blades - Red Water|Test Names
Walker,last,any,1.0,Blades - Red Water|Test Names
Roy,last,any,1.0,Blades - Red Water
Cole,last,any,1.0,Blades - Red Water
Courmand,last,any,1.0,Blades - Red Water
Bales,last,any,1.0,Blades - Red Water
Davidson,last,any,1.0,Blades - Red Water
Montreuil,last,any,1.0,Blades - Red Water
Dixon,last,any,1.0,Blades - Red Water
Windsor,last,any,1.0,Blades - Red Water
Delacroix,last,any,1.0,Blades - Red Water
Fairchild,last,any,1.0,Blades - Red Water
Wright,last,any,1.0,Blades - Red Water|Test Names
Hero,last,any,1.0,Blades - Red Water
Montague,last,any,1.0,Blades - Red Water
Ortis,last,any,1.0,Blades - Red Water
Bonnet,last,any,1.0,Blades - Red Water
Martinez,last,any,1.0,Blades - Red Water|Test Names
Beaumond,last,any,1.0,Blades - Red Water
Griffin,last,any,1.0,Blades - Red Water
Barthelemy,last,any,1.0,Blades - Red Water
Spalding,last,any,1.0,Blades - Red Water
Ferrer,last,any,1.0,Blades - Red Water
Palms,last,any,1.0,Blades - Red Water
Barrow,last,any,1.0,Blades - Red Water
Beaumont,last,any,1.0,Blades - Red Water
Blackburn,last,any,1.0,Blades - Red Water
St.Armand,last,any,1.0,Blades - Red Water
Griffiths,last,any,1.0,Blades - Red Water
Chevalier,last,any,1.0,Blades - Red Water
Haynes,last,any,1.0,Blades - Red Water
Sinclair,last,any,1.0,Blades - Red Water
Nunn,last,any,1.0,Blades - Red Water
Eggleton,last,any,1.0,Blades - Red Water
Kimura,last,any,1.0,Blades - Red Water
Valentin,last,any,1.0,Blades - Red Water
Carlyle,last,any,1.0,Blades - Red Water
Barnes,last,any,1.0,Blades - Red Water
Baker,last,any,1.0,Blades - Red Water|Test Names
Chretien,last,any,1.0,Blades - Red Water
Wilson,last,any,1.0,Blades - Red Water|Test Names
Desmarais,last,any,1.0,Blades - Red Water
Rillieux,last,any,1.0,Blades - Red Water
Tinchant,last,any,1.0,Blades - Red Water
Sterling,last,any,1.0,Blades - Red Water
Fontenot,last,any,1.0,Blades - Red Water
Blackwood,last,any,1.0,Blades - Red Water
Hamilton,last,any,1.0,Blades - Red Water
Fontaine,last,any,1.0,Blades - Red Water
Villemont,last,any,1.0,Blades - Red Water
Pomet,last,any,1.0,Blades - Red Water
Cleace,last,any,1.0,Blades - Red Water
Teague,last,any,1.0,Blades - Red Water
Knowler,last,any,1.0,Blades - Red Water
Ashford,last,any,1.0,Blades - Red Water
Fuselier,last,any,1.0,Blades - Red Water
Brouillard,last,any,1.0,Blades - Red Water
Granca,last,any,1.0,Blades - Red Water
Dumas,last,any,1.0,Blades - Red Water
Fitzroy,last,any,1.0,Blades - Red Water
Bason,last,any,1.0,Blades - Red Water
St.Hours,last,any,1.0,Blades - Red Water
Croque,last,any,1.0,Blades - Red Water
Bon,last,any,1.0,Blades - Red Water
Walbourne,last,any,1.0,Blades - Red Water
Hastings,last,any,1.0,Blades - Red Water
Roich,last,any,1.0,Blades - Red Water
Junon,last,any,1.0,Blades - Red Water
Howard,last,any,1.0,Blades - Red Water
Bagneris,last,any,1.0,Blades - Red Water
Durand,last,any,1.0,Blades - Red Water
Waung,last,any,1.0,Blades - Red Water
Dumois,last,any,1.0,Blades - Red Water
St.Cyr,last,any,1.0,Blades - Red Water
Harris,last,any,1.0,Blades - Red Water|Test Names
Broin,last,any,1.0,Blades - Red Water
Ray,last,any,1.0,Blades - Red Water
Dusau,last,any,1.0,Blades - Red Water
Hall,last,any,1.0,Blades - Red Water|Test Names
Fondall,last,any,1.0,Blades - Red Water
Peyton,last,any,1.0,Blades - Red Water|Test Names
Harrington,last,any,1.0,Blades - Red Water
Faulkner,last,any,1.0,Blades - Red Water
Cavenaze,last,any,1.0,Blades - Red Water
Decourmant,last,any,1.0,Blades - Red Water
Denison,last,any,1.0,Blades - Red Water
Rodriguez,last,any,1.0,Blades - Red Water|Test Names
Whitmore,last,any,1.0,Blades - Red Water
Dupont,last,any,1.0,Blades - Red Water
St.Claire,last,any,1.0,Blades - Red Water
Arlington,last,any,1.0,Blades - Red Water
Sands,last,any,1.0,Blades - Red Water
Davenport,last,any,1.0,Blades - Red Water
Duval,last,any,1.0,Blades - Red Water
Todd,last,any,1.0,Blades - Red Water
Gomez,last,any,1.0,Blades - Red Water
Dundass,last,any,1.0,Blades - Red Water
Hart,last,any,1.0,Blades - Red Water
Luison,last,any,1.0,Blades - Red Water
Ashby,last,any,1.0,Blades - Red Water
Legney,last,any,1.0,Blades - Red Water
Rousseau,last,any,1.0,Blades - Red Water
Devlin,last,any,1.0,Blades - Red Water
Bryant,last,any,1.0,Blades - Red Water
Castillo,last,any,1.0,Blades - Red Water
McCabe,last,any,1.0,Blades - Red Water
Passebon,last,any,1.0,Blades - Red Water
Llaire,last,any,1.0,Blades - Red Water
Sarasse,last,any,1.0,Blades - Red Water
Mayhew,last,any,1.0,Blades - Red Water
Boudreau,last,any,1.0,Blades - Red Water
Dupuoy,last,any,1.0,Blades - Red Water
Payne,last,any,1.0,Blades - Red Water
Morgan,last,any,1.0,Blades - Red Water|Test Names
Morel,last,any,1.0,Blades - Red Water
Gautier,last,any,1.0,Blades - Red Water
Questi,last,any,1.0,Blades - Red Water
Fressineau,last,any,1.0,Blades - Red Water
Munroe,last,any,1.0,Blades - Red Water
Wilcocks,last,any,1.0,Blades - Red Water
Baillie,last,any,1.0,Blades - Red Water
Gardner,last,any,1.0,Blades - Red Water
Delart,last,any,1.0,Blades - Red Water
Belgrave,last,any,1.0,Blades - Red Water
Tiocou,last,any,1.0,Blades - Red Water
Singh,last,any,1.0,Blades - Red Water
Waverly,last,any,1.0,Blades - Red Water
Hargreaves,last,any,1.0,Blades - Red Water
Atok,first,male,1.0,Blades - Dagger Isles
Awang,first,male,1.0,Blades - Dagger Isles
Bagang,first,male,1.0,Blades - Dagger Isles
Bato,first,male,1.0,Blades - Dagger Isles
Chao,first,male,1.0,Blades - Dagger Isles
Edcel,first,male,1.0,Blades - Dagger Isles
Fang,first,male,1.0,Blades - Dagger Isles
Godoy,first,male,1.0,Blades - Dagger Isles
Guinto,first,male,1.0,Blades - Dagger Isles
Gurayu,first,male,1.0,Blades - Dagger Isles
Hom,first,male,1.0,Blades - Dagger Isles
Isagani,first,male,1.0,Blades - Dagger Isles
Itum,first,male,1.0,Blades - Dagger Isles
Jebat,first,male,1.0,Blades - Dagger Isles
Kalasag,first,male,1.0,Blades - Dagger Isles
Murado,first,male,1.0,Blades - Dagger Isles
Phaibun,first,male,1.0,Blades - Dagger Isles
Samsam,first,male,1.0,Blades - Dagger Isles
Tuah,first,male,1.0,Blades - Dagger Isles
Bita,first,female,1.0,Blades - Dagger Isles
Bintang,first,female,1.0,Blades - Dagger Isles
Bunga,first,female,1.0,Blades - Dagger Isles
Cahaya,first,female,1.0,Blades - Dagger Isles
Calica,first,female,1.0,Blades - Dagger Isles
Cempaka,first,female,1.0,Blades - Dagger Isles
Chaiya,first,female,1.0,Blades - Dagger Isles
Chinda,first,female,1.0,Blades - Dagger Isles
Diwa,first,female,1.0,Blades - Dagger Isles
Haliya,first,female,1.0,Blades - Dagger Isles
Hapsah,first,female,1.0,Blades - Dagger Isles
Haraya,first,female,1.0,Blades - Dagger Isles
Haryati,first,female,1.0,Blades - Dagger Isles
Junada,first,female,1.0,Blades - Dagger Isles
Kaew,first,female,1.0,Blades - Dagger Isles
Kasih,first,female,1.0,Blades - Dagger Isles
Kuntum,first,female,1.0,Blades - Dagger Isles
Ligaya,first,female,1.0,Blades - Dagger Isles
Liwayway,first,female,1.0,Blades - Dagger Isles
Luningning,first,female,1.0,Blades - Dagger Isles
Mahia,first,female,1.0,Blades - Dagger Isles
Maraya,first,female,1.0,Blades - Dagger Isles
Mayumi,first,female,1.0,Blades - Dagger Isles
Melur,first,female,1.0,Blades - Dagger Isles
Sampaguita,first,female,1.0,Blades - Dagger Isles
Sirikit,first,female,1.0,Blades - Dagger Isles
Tala,first,female,1.0,Blades - Dagger Isles
Teratai,first,female,1.0,Blades - Dagger Isles
Yunalis,first,female,1.0,Blades - Dagger Isles
Adlao,first,ambiguous,1.0,Blades - Dagger Isles
Agbuya,first,ambiguous,1.0,Blades - Dagger Isles
Anyag,first,ambiguous,1.0,Blades - Dagger Isles
Arao,first,ambiguous,1.0,Blades - Dagger Isles
Araw,first,ambiguous,1.0,Blades - Dagger Isles
Asnee,first,ambiguous,1.0,Blades - Dagger Isles
Babao,first,ambiguous,1.0,Blades - Dagger Isles
Bagaoisan,first,ambiguous,1.0,Blades - Dagger Isles
Baitan,first,ambiguous,1.0,Blades - Dagger Isles
Balandra,first,ambiguous,1.0,Blades - Dagger Isles
Balane,first,ambiguous,1.0,Blades - Dagger Isles
Balani,first,ambiguous,1.0,Blades - Dagger Isles
Balubal,first,ambiguous,1.0,Blades - Dagger Isles
Banayat,first,ambiguous,1.0,Blades - Dagger Isles
Bantoc,first,ambiguous,1.0,Blades - Dagger Isles
Bantog,first,ambiguous,1.0,Blades - Dagger Isles
Bantug,first,ambiguous,1.0,Blades - Dagger Isles
Batac,first,ambiguous,1.0,Blades - Dagger Isles
Batao,first,ambiguous,1.0,Blades - Dagger Isles
Bati,first,ambiguous,1.0,Blades - Dagger Isles
Bolongan,first,ambiguous,1.0,Blades - Dagger Isles
Bongon,first,ambiguous,1.0,Blades - Dagger Isles
Buan,first,ambiguous,1.0,Blades - Dagger Isles
Bun Ma,first,ambiguous,1.0,Blades - Dagger Isles
Cabael,first,ambiguous,1.0,Blades - Dagger Isles
Dolera,first,ambiguous,1.0,Blades - Dagger Isles
Dusadi,first,ambiguous,1.0,Blades - Dagger Isles
Juni,first,ambiguous,1.0,Blades - Dagger Isles
Luntian,first,ambiguous,1.0,Blades - Dagger Isles
Mali,first,ambiguous,1.0,Blades - Dagger Isles
Minokawa,first,ambiguous,1.0,Blades - Dagger Isles
Mio,first,ambiguous,1.0,Blades - Dagger Isles
Ngoen,first,ambiguous,1.0,Blades - Dagger Isles
Pah,first,ambiguous,1.0,Blades - Dagger Isles
Panjang,first,ambiguous,1.0,Blades - Dagger Isles
Ruang,first,ambiguous,1.0,Blades - Dagger Isles
Sinag,first,ambiguous,1.0,Blades - Dagger Isles
Sinangtala,first,ambiguous,1.0,Blades - Dagger Isles
Yang,first,ambiguous,1.0,Blades - Dagger Isles
Abat,last,any,1.0,Blades - Dagger Isles
Acob,last,any,1.0,Blades - Dagger Isles
Adlawan,last,any,1.0,Blades - Dagger Isles
Afuyog,last,any,1.0,Blades - Dagger Isles
Agcaoili,last,any,1.0,Blades - Dagger Isles
Aguinaldo,last,any,1.0,Blades - Dagger Isles
Agup,last,any,1.0,Blades - Dagger Isles
Alnas,last,any,1.0,Blades - Dagger Isles
Aruag,last,any,1.0,Blades - Dagger Isles
Aswit,last,any,1.0,Blades - Dagger Isles
Aya-ay,last,any,1.0,Blades - Dagger Isles
Ba-ad,last,any,1.0,Blades - Dagger Isles
Baal,last,any,1.0,Blades - Dagger Isles
Banaag,last,any,1.0,Blades - Dagger Isles
Basa,last,any,1.0,Blades - Dagger Isles
Batumbakal,last,any,1.0,Blades - Dagger Isles
Bocalig,last,any,1.0,Blades - Dagger Isles
Bonifacio,last,any,1.0,Blades - Dagger Isles
Briones,last,any,1.0,Blades - Dagger Isles
Bulatao,last,any,1.0,Blades - Dagger Isles
Bulusan,last,any,1.0,Blades - Dagger Isles
Cabasan,last,any,1.0,Blades - Dagger Isles
Cabasagan,last,any,1.0,Blades - Dagger Isles
Cabatuan,last,any,1.0,Blades - Dagger Isles
Cadang,last,any,1.0,Blades - Dagger Isles
Cadapan,last,any,1.0,Blades - Dagger Isles
Caday,last,any,1.0,Blades - Dagger Isles
Cadlaon,last,any,1.0,Blades - Dagger Isles
Cadwising,last,any,1.0,Blades - Dagger Isles
Cagaanan,last,any,1.0,Blades - Dagger Isles
Carangal,last,any,1.0,Blades - Dagger Isles
Cawilan,last,any,1.0,Blades - Dagger Isles
Chaan,last,any,1.0,Blades - Dagger Isles
Dacanay,last,any,1.0,Blades - Dagger Isles
Daco,last,any,1.0,Blades - Dagger Isles
Daw,last,any,1.0,Blades - Dagger Isles
Dalisay,last,any,1.0,Blades - Dagger Isles
Dalugdugan,last,any,1.0,Blades - Dagger Isles
Damilo,last,any,1.0,Blades - Dagger Isles
Dasalan,last,any,1.0,Blades - Dagger Isles
Datahan,last,any,1.0,Blades - Dagger Isles
Dayrit,last,any,1.0,Blades - Dagger Isles
Dimaano,last,any,1.0,Blades - Dagger Isles
Dimaandal,last,any,1.0,Blades - Dagger Isles
Dimabasa,last,any,1.0,Blades - Dagger Isles
Duco,last,any,1.0,Blades - Dagger Isles
Dulay,last,any,1.0,Blades - Dagger Isles
Duldulao,last,any,1.0,Blades - Dagger Isles
Dumagan,last,any,1.0,Blades - Dagger Isles
Dumlao,last,any,1.0,Blades - Dagger Isles
Elbo,last,any,1.0,Blades - Dagger Isles
Emuslan,last,any,1.0,Blades - Dagger Isles
Fangonil,last,any,1.0,Blades - Dagger Isles
Fiag-Oy,last,any,1.0,Blades - Dagger Isles
Fong,last,any,1.0,Blades - Dagger Isles
Gabat,last,any,1.0,Blades - Dagger Isles
Gacuya,last,any,1.0,Blades - Dagger Isles
Gador,last,any,1.0,Blades - Dagger Isles
Galay,last,any,1.0,Blades - Dagger Isles
Galima,last,any,1.0,Blades - Dagger Isles
Gonowon,last,any,1.0,Blades - Dagger Isles
Guani,last,any,1.0,Blades - Dagger Isles
Gumintong,last,any,1.0,Blades - Dagger Isles
Hadap,last,any,1.0,Blades - Dagger Isles
Halili,last,any,1.0,Blades - Dagger Isles
Halog,last,any,1.0,Blades - Dagger Isles
Halum,last,any,1.0,Blades - Dagger Isles
Homoroc,last,any,1.0,Blades - Dagger Isles
Ibay,last,any,1.0,Blades - Dagger Isles
Ibuna,last,any,1.0,Blades - Dagger Isles
Ibus,last,any,1.0,Blades - Dagger Isles
Icat,last,any,1.0,Blades - Dagger Isles
Icban,last,any,1.0,Blades - Dagger Isles
Igcasan,last,any,1.0,Blades - Dagger Isles
Ilumin,last,any,1.0,Blades - Dagger Isles
Imbo,last,any,1.0,Blades - Dagger Isles
Impoc,last,any,1.0,Blades - Dagger Isles
Inabayan,last,any,1.0,Blades - Dagger Isles
Inciong,last,any,1.0,Blades - Dagger Isles
Jayan,last,any,1.0,Blades - Dagger Isles
Juco,last,any,1.0,Blades - Dagger Isles
Julag-ay,last,any,1.0,Blades - Dagger Isles
Jumao-as,last,any,1.0,Blades - Dagger Isles
Jumat,last,any,1.0,Blades - Dagger Isles
Jungao,last,any,1.0,Blades - Dagger Isles
Khoo,last,any,1.0,Blades - Dagger Isles
Kong,last,any,1.0,Blades - Dagger Isles
Lambati,last,any,1.0,Blades - Dagger Isles
Layong,last,any,1.0,Blades - Dagger Isles
Lim,last,any,1.0,Blades - Dagger Isles
Liwanag,last,any,1.0,Blades - Dagger Isles
Long,last,any,1.0,Blades - Dagger Isles
Lualhati,last,any,1.0,Blades - Dagger Isles
Macarandang,last,any,1.0,Blades - Dagger Isles
Macatangay,last,any,1.0,Blades - Dagger Isles
Magtanggol,last,any,1.0,Blades - Dagger Isles
Magsino,last,any,1.0,Blades - Dagger Isles
Malaahas,last,any,1.0,Blades - Dagger Isles
Malaya,last,any,1.0,Blades - Dagger Isles
Manalo,last,any,1.0,Blades - Dagger Isles
Mangahas,last,any,1.0,Blades - Dagger Isles
Ng,last,any,1.0,Blades - Dagger Isles
Ooi,last,any,1.0,Blades - Dagger Isles
Palacol,last,any,1.0,Blades - Dagger Isles
Palpallatoc,last,any,1.0,Blades - Dagger Isles
Posadas,last,any,1.0,Blades - Dagger Isles
Rajah,last,any,1.0,Blades - Dagger Isles
Salang,last,any,1.0,Blades - Dagger Isles
Sambilay,last,any,1.0,Blades - Dagger Isles
Sulayman,last,any,1.0,Blades - Dagger Isles
Tabora,last,any,1.0,Blades - Dagger Isles
Tagabigay,last,any,1.0,Blades - Dagger Isles
Tan,last,any,1.0,Blades - Dagger Isles
Wan,last,any,1.0,Blades - Dagger Isles
Virk,last,any,1.0,Blades - Dagger Isles
Xueren,last,any,1.0,Blades - Dagger Isles
Yemen,last,any,1.0,Blades - Dagger Isles
Zhong,last,any,1.0,Blades - Dagger Isles
Abides-by-the-River's-Word,nickname,ambiguous,1.0,Blades - Dagger Isles
Bones-at-their-Feet,nickname,ambiguous,1.0,Blades - Dagger Isles
Breaker-of-Chains,nickname,ambiguous,1.0,Blades - Dagger Isles
Chased-by-Sorrow,nickname,ambiguous,1.0,Blades - Dagger Isles
Cloud-dancing-Sunchaser,nickname,ambiguous,1.0,Blades - Dagger Isles
Dog-in-the-Rain,nickname,ambiguous,1.0,Blades - Dagger Isles
Eyes-Beyond-the-Trees,nickname,ambiguous,1.0,Blades - Dagger Isles
Exalted-by-the-Mud,nickname,ambiguous,1.0,Blades - Dagger Isles
Fangs-at-Sunset,nickname,ambiguous,1.0,Blades - Dagger Isles
Fish-swimming-Upstream,nickname,ambiguous,1.0,Blades - Dagger Isles
Flash-of-Blue-Wings,nickname,ambiguous,1.0,Blades - Dagger Isles
Glint-of-a-Smile,nickname,ambiguous,1.0,Blades - Dagger Isles
Greets-Love-by-Midnight,nickname,ambiguous,1.0,Blades - Dagger Isles
Jagged-Mountain-Face,nickname,ambiguous,1.0,Blades - Dagger Isles
King-of-Anthills,nickname,ambiguous,1.0,Blades - Dagger Isles
Laughing-Babbling-Brook,nickname,ambiguous,1.0,Blades - Dagger Isles
Mendicant-at-the-Crossroads,nickname,ambiguous,1.0,Blades - Dagger Isles
Quiet-as-Thunder,nickname,ambiguous,1.0,Blades - Dagger Isles
Rusty-Blade,nickname,ambiguous,1.0,Blades - Dagger Isles
Sings-to-Clouds,nickname,ambiguous,1.0,Blades - Dagger Isles
Sleeps-at-the-Roots,nickname,ambiguous,1.0,Blades - Dagger Isles
Verdant-Longing-Meadow,nickname,ambiguous,1.0,Blades - Dagger Isles
Voice-in-the-Mist,nickname,ambiguous,1.0,Blades - Dagger Isles
Walks-Among-Flowers,nickname,ambiguous,1.0,Blades - Dagger Isles
Wreathed-in-Tears,nickname,ambiguous,1.0,Blades - Dagger Isles
Alexander,first,male,1.0,Test Names|Claude
Lucas,first,male,1.0,Test Names|Claude
Henry,first,male,1.0,Test Names|Claude
Oliver,first,male,1.0,Test Names|Claude
Daniel,first,male,1.0,Test Names|Claude
Matthew,first,male,1.0,Test Names|Claude
Jackson,first,male,1.0,Test Names|Claude
David,first,male,1.0,Test Names|Claude
Owen,first,male,1.0,Test Names|Claude
Wyatt,first,male,1.0,Test Names|Claude
Jack,first,male,1.0,Test Names|Claude
Luke,first,male,1.0,Test Names|Claude
Ethan,first,male,1.0,Test Names|Claude
Mason,first,male,1.0,Test Names|Claude
Logan,first,male,1.0,Test Names|Claude
Noah,first,male,1.0,Test Names|Claude
Liam,first,male,1.0,Test Names|Claude
Jacob,first,male,1.0,Test Names|Claude
Ryan,first,male,1.0,Test Names|Claude
Nathan,first,male,1.0,Test Names|Claude
Isaac,first,male,1.0,Test Names|Claude
Gabriel,first,male,1.0,Test Names|Claude
Anthony,first,male,1.0,Test Names|Claude
Joshua,first,male,1.0,Test Names|Claude
Christopher,first,male,1.0,Test Names|Claude
Andrew,first,male,1.0,Test Names|Claude
Connor,first,male,1.0,Test Names|Claude
Adam,first,male,1.0,Test Names|Claude
Tyler,first,male,1.0,Test Names|Claude
Brandon,first,male,1.0,Test Names|Claude
Jason,first,male,1.0,Test Names|Claude
Kevin,first,male,1.0,Test Names|Claude
Eric,first,male,1.0,Test Names|Claude
Richard,first,male,1.0,Test Names|Claude
Isabella,first,female,1.0,Test Names|Claude
Emma,first,female,1.0,Test Names|Claude
Ava,first,female,1.0,Test Names|Claude
Amelia,first,female,1.0,Test Names|Claude
Mia,first,female,1.0,Test Names|Claude
Harper,first,female,1.0,Test Names|Claude
Evelyn,first,female,1.0,Test Names|Claude
Abigail,first,female,1.0,Test Names|Claude
Emily,first,female,1.0,Test Names|Claude
Sofia,first,female,1.0,Test Names|Claude
Ella,first,female,1.0,Test Names|Claude
Scarlett,first,female,1.0,Test Names|Claude
Grace,first,female,1.0,Test Names|Claude
Chloe,first,female,1.0,Test Names|Claude
Victoria,first,female,1.0,Test Names|Claude
Aria,first,female,1.0,Test Names|Claude
Lily,first,female,1.0,Test Names|Claude
Aubrey,first,female,1.0,Test Names|Claude
Zoey,first,female,1.0,Test Names|Claude
Madison,first,female,1.0,Test Names|Claude
Natalie,first,female,1.0,Test Names|Claude
Sarah,first,female,1.0,Test Names|Claude
Rachel,first,female,1.0,Test Names|Claude
Rebecca,first,female,1.0,Test Names|Claude
Jessica,first,female,1.0,Test Names|Claude
Jennifer,first,female,1.0,Test Names|Claude
Michelle,first,female,1.0,Test Names|Claude
Amanda,first,female,1.0,Test Names|Claude
Stephanie,first,female,1.0,Test Names|Claude
Nicole,first,female,1.0,Test Names|Claude
Katherine,first,female,1.0,Test Names|Claude
Samantha,first,female,1.0,Test Names|Claude
Ashley,first,female,1.0,Test Names|Claude
Lauren,first,female,1.0,Test Names|Claude
Megan,first,female,1.0,Test Names|Claude
Anna,first,female,1.0,Test Names|Claude
Caroline,first,female,1.0,Test Names|Claude
Claire,first,female,1.0,Test Names|Claude
Violet,first,female,1.0,Test Names|Claude
Penelope,first,female,1.0,Test Names|Claude
Hazel,first,female,1.0,Test Names|Claude
Alice,first,female,1.0,Test Names|Claude
Riley,first,ambiguous,1.0,Test Names|Claude
Avery,first,ambiguous,1.0,Test Names|Claude
Jordan,first,ambiguous,1.0,Test Names|Claude
Taylor,first,ambiguous,1.0,Test Names|Claude
Casey,first,ambiguous,1.0,Test Names|Claude
Alex,first,ambiguous,1.0,Test Names|Claude
Skylar,first,ambiguous,1.0,Test Names|Claude
Cameron,first,ambiguous,1.0,Test Names|Claude
Quinn,first,ambiguous,1.0,Test Names|Claude
Dakota,first,ambiguous,1.0,Test Names|Claude
Phoenix,first,ambiguous,1.0,Test Names|Claude
Charlie,first,ambiguous,1.0,Test Names|Claude
Sam,first,ambiguous,1.0,Test Names|Claude
Drew,first,ambiguous,1.0,Test Names|Claude
Blake,first,ambiguous,1.0,Test Names|Claude
Finley,first,ambiguous,1.0,Test Names|Claude
Emerson,first,ambiguous,1.0,Test Names|Claude
Hayden,first,ambiguous,1.0,Test Names|Claude
Reese,first,ambiguous,1.0,Test Names|Claude
Parker,first,ambiguous,1.0,Test Names|Claude
Sawyer,first,ambiguous,1.0,Test Names|Claude
Robin,first,ambiguous,1.0,Test Names|Claude
Angel,first,ambiguous,1.0,Test Names|Claude
Kai,first,ambiguous,1.0,Test Names|Claude
Ash,first,ambiguous,1.0,Test Names|Claude
Ellis,first,ambiguous,1.0,Test Names|Claude
Jules,first,ambiguous,1.0,Test Names|Claude
Marley,first,ambiguous,1.0,Test Names|Claude
Winter,first,ambiguous,1.0,Test Names|Claude
Story,first,ambiguous,1.0,Test Names|Claude
August,first,ambiguous,1.0,Test Names|Claude
Remi,first,ambiguous,1.0,Test Names|Claude
Hollis,first,ambiguous,1.0,Test Names|Claude
Haven,first,ambiguous,1.0,Test Names|Claude
Lyric,first,ambiguous,1.0,Test Names|Claude
Scout,first,ambiguous,1.0,Test Names|Claude
Indigo,first,ambiguous,1.0,Test Names|Claude
Ocean,first,ambiguous,1.0,Test Names|Claude
Poet,first,ambiguous,1.0,Test Names|Claude
Rain,first,ambiguous,1.0,Test Names|Claude
Star,first,ambiguous,1.0,Test Names|Claude
Raven,first,queer,1.0,Test Names|Claude
Atlas,first,queer,1.0,Test Names|Claude
Azure,first,queer,1.0,Test Names|Claude
Storm,first,queer,1.0,Test Names|Claude
Onyx,first,queer,1.0,Test Names|Claude
Cypress,first,queer,1.0,Test Names|Claude
Orion,first,queer,1.0,Test Names|Claude
Zenith,first,queer,1.0,Test Names|Claude
Nova,first,queer,1.0,Test Names|Claude
Arrow,first,queer,1.0,Test Names|Claude
Sable,first,queer,1.0,Test Names|Claude
Aspen,first,queer,1.0,Test Names|Claude
Cedar,first,queer,1.0,Test Names|Claude
Briar,first,queer,1.0,Test Names|Claude
Wren,first,queer,1.0,Test Names|Claude
Lark,first,queer,1.0,Test Names|Claude
Finch,first,queer,1.0,Test Names|Claude
Crane,first,queer,1.0,Test Names|Claude
North,first,queer,1.0,Test Names|Claude
East,first,queer,1.0,Test Names|Claude
West,first,queer,1.0,Test Names|Claude
South,first,queer,1.0,Test Names|Claude
Meridian,first,queer,1.0,Test Names|Claude
Solstice,first,queer,1.0,Test Names|Claude
Equinox,first,queer,1.0,Test Names|Claude
Twilight,first,queer,1.0,Test Names|Claude
Dawn,first,queer,1.0,Test Names|Claude
Dusk,first,queer,1.0,Test Names|Claude
Moss,first,queer,1.0,Test Names|Claude
Fern,first,queer,1.0,Test Names|Claude
Clover,first,queer,1.0,Test Names|Claude
Ivy,first,queer,1.0,Test Names|Claude
Willow,first,queer,1.0,Test Names|Claude
Laurel,first,queer,1.0,Test Names|Claude
Hawthorn,first,queer,1.0,Test Names|Claude
Juniper,first,queer,1.0,Test Names|Claude
Smith,last,any,1.0,Test Names|Claude
Johnson,last,any,1.0,Test Names|Claude
Williams,last,any,1.0,Test Names|Claude
Garcia,last,any,1.0,Test Names|Claude
Miller,last,any,1.0,Test Names|Claude
Davis,last,any,1.0,Test Names|Claude
Hernandez,last,any,1.0,Test Names|Claude
Lopez,last,any,1.0,Test Names|Claude
Gonzalez,last,any,1.0,Test Names|Claude
Anderson,last,any,1.0,Test Names|Claude
Moore,last,any,1.0,Test Names|Claude
Lee,last,any,1.0,Test Names|Claude
Perez,last,any,1.0,Test Names|Claude
Thompson,last,any,1.0,Test Names|Claude
White,last,any,1.0,Test Names|Claude
Sanchez,last,any,1.0,Test Names|Claude
Clark,last,any,1.0,Test Names|Claude
Ramirez,last,any,1.0,Test Names|Claude
Lewis,last,any,1.0,Test Names|Claude
Robinson,last,any,1.0,Test Names|Claude
Young,last,any,1.0,Test Names|Claude
Scott,last,any,1.0,Test Names|Claude
Torres,last,any,1.0,Test Names|Claude
Nguyen,last,any,1.0,Test Names|Claude
Hill,last,any,1.0,Test Names|Claude
Flores,last,any,1.0,Test Names|Claude
Green,last,any,1.0,Test Names|Claude
Adams,last,any,1.0,Test Names|Claude
Nelson,last,any,1.0,Test Names|Claude
Rivera,last,any,1.0,Test Names|Claude
Campbell,last,any,1.0,Test Names|Claude
Mitchell,last,any,1.0,Test Names|Claude
Carter,last,any,1.0,Test Names|Claude
Roberts,last,any,1.0,Test Names|Claude
Spike,nickname,any,1.0,Test Names|Claude
Shadow,nickname,any,1.0,Test Names|Claude
Rusty,nickname,any,1.0,Test Names|Claude
Chip,nickname,any,1.0,Test Names|Claude
Tank,nickname,any,1.0,Test Names|Claude
Flash,nickname,any,1.0,Test Names|Claude
Dash,nickname,any,1.0,Test Names|Claude
Bear,nickname,any,1.0,Test Names|Claude
Wolf,nickname,any,1.0,Test Names|Claude
Blaze,nickname,any,1.0,Test Names|Claude
Ghost,nickname,any,1.0,Test Names|Claude
Blade,nickname,any,1.0,Test Names|Claude
Hunter,nickname,any,1.0,Test Names|Claude
Ranger,nickname,any,1.0,Test Names|Claude
Cobra,nickname,any,1.0,Test Names|Claude
Panther,nickname,any,1.0,Test Names|Claude
Tiger,nickname,any,1.0,Test Names|Claude
Dragon,nickname,any,1.0,Test Names|Claude
Red,nickname,any,1.0,Test Names|Claude
Blue,nickname,any,1.0,Test Names|Claude
Jade,nickname,any,1.0,Test Names|Claude
Pearl,nickname,any,1.0,Test Names|Claude
Doc,nickname,any,1.0,Test Names|Claude
Slim,nickname,any,1.0,Test Names|Claude
Tiny,nickname,any,1.0,Test Names|Claude
Lefty,nickname,any,1.0,Test Names|Claude
Boss,nickname,any,1.0,Test Names|Claude
Kid,nickname,any,1.0,Test Names|Claude
Junior,nickname,any,1.0,Test Names|Claude
Skip,nickname,any,1.0,Test Names|Claude
Buddy,nickname,any,1.0,Test Names|Claude
Champ,nickname,any,1.0,Test Names|Claude
Iron,nickname,any,1.0,Test Names|Claude
Steel,nickname,any,1.0,Test Names|Claude
Stone,nickname,any,1.0,Test Names|Claude
Callum,first,male,1.0,Blades - Skovlan|Claude
Duncan,first,male,1.0,Blades - Skovlan|Claude
Fergus,first,male,1.0,Blades - Skovlan|Claude
Gregor,first,male,1.0,Blades - Skovlan|Claude
Hamish,first,male,1.0,Blades - Skovlan|Claude
Iain,first,male,1.0,Blades - Skovlan|Claude
Lachlan,first,male,1.0,Blades - Skovlan|Claude
Magnus,first,male,1.0,Blades - Skovlan|Claude
Malcolm,first,male,1.0,Blades - Skovlan|Claude
Murdoch,first,male,1.0,Blades - Skovlan|Claude
Rory,first,male,1.0,Blades - Skovlan|Claude
Tavish,first,male,1.0,Blades - Skovlan|Claude
Torquil,first,male,1.0,Blades - Skovlan|Claude
Ewan,first,male,1.0,Blades - Skovlan|Claude
Boyd,first,male,1.0,Blades - Skovlan|Claude
Colm,first,male,1.0,Blades - Skovlan|Claude
Dougal,first,male,1.0,Blades - Skovlan|Claude
Finlay,first,male,1.0,Blades - Skovlan|Claude
Gilroy,first,male,1.0,Blades - Skovlan|Claude
Lennox,first,male,1.0,Blades - Skovlan|Claude
Munro,first,male,1.0,Blades - Skovlan|Claude
Niall,first,male,1.0,Blades - Skovlan|Claude
Ossian,first,male,1.0,Blades - Skovlan|Claude
Rhodri,first,male,1.0,Blades - Skovlan|Claude
Struan,first,male,1.0,Blades - Skovlan|Claude
Tormod,first,male,1.0,Blades - Skovlan|Claude
Uisdean,first,male,1.0,Blades - Skovlan|Claude
Wallace,first,male,1.0,Blades - Skovlan|Claude
Alasdair,first,male,1.0,Blades - Skovlan|Claude
Ailsa,first,female,1.0,Blades - Skovlan|Claude
Catriona,first,female,1.0,Blades - Skovlan|Claude
Elspeth,first,female,1.0,Blades - Skovlan|Claude
Fiona,first,female,1.0,Blades - Skovlan|Claude
Isla,first,female,1.0,Blades - Skovlan|Claude
Kenna,first,female,1.0,Blades - Skovlan|Claude
Moira,first,female,1.0,Blades - Skovlan|Claude
Nessa,first,female,1.0,Blades - Skovlan|Claude
Rhona,first,female,1.0,Blades - Skovlan|Claude
Seonaid,first,female,1.0,Blades - Skovlan|Claude
Sorcha,first,female,1.0,Blades - Skovlan|Claude
Maeve,first,female,1.0,Blades - Skovlan|Claude
Cassius,first,male,1.0,Blades - Severos|Claude
Decimus,first,male,1.0,Blades - Severos|Claude
Flavius,first,male,1.0,Blades - Severos|Claude
Gaius,first,male,1.0,Blades - Severos|Claude
Lucius,first,male,1.0,Blades - Severos|Claude
Marcus,first,male,1.0,Blades - Severos|Claude
Quintus,first,male,1.0,Blades - Severos|Claude
Titus,first,male,1.0,Blades - Severos|Claude
Varro,first,male,1.0,Blades - Severos|Claude
Antonius,first,male,1.0,Blades - Severos|Claude
Cicero,first,male,1.0,Blades - Severos|Claude
Hadrian,first,male,1.0,Blades - Severos|Claude
Julius,first,male,1.0,Blades - Severos|Claude
Maximus,first,male,1.0,Blades - Severos|Claude
Nero,first,male,1.0,Blades - Severos|Claude
Octavius,first,male,1.0,Blades - Severos|Claude
Remus,first,male,1.0,Blades - Severos|Claude
Silvius,first,male,1.0,Blades - Severos|Claude
Tacitus,first,male,1.0,Blades - Severos|Claude
Valens,first,male,1.0,Blades - Severos|Claude
Severus,last,any,1.0,Blades - Severos|Claude
Brutus,last,any,1.0,Blades - Severos|Claude
Claudius,last,any,1.0,Blades - Severos|Claude
Dominus,last,any,1.0,Blades - Severos|Claude
Gallus,last,any,1.0,Blades - Severos|Claude
Horatius,last,any,1.0,Blades - Severos|Claude
Justus,last,any,1.0,Blades - Severos|Claude
Livius,last,any,1.0,Blades - Severos|Claude
Martius,last,any,1.0,Blades - Severos|Claude
Navius,last,any,1.0,Blades - Severos|Claude
Paulus,last,any,1.0,Blades - Severos|Claude
Regulus,last,any,1.0,Blades - Severos|Claude
Scipio,last,any,1.0,Blades - Severos|Claude
Tertius,last,any,1.0,Blades - Severos|Claude
Urbanus,last,any,1.0,Blades - Severos|Claude
Victorius,last,any,1.0,Blades - Severos|Claude
Aurelius,last,any,1.0,Blades - Severos|Claude
Calvus,last,any,1.0,Blades - Severos|Claude
Drusus,last,any,1.0,Blades - Severos|Claude
Fabius,last,any,1.0,Blades - Severos|Claude
Gracchus,last,any,1.0,Blades - Severos|Claude
Lucretius,last,any,1.0,Blades - Severos|Claude
Priscus,last,any,1.0,Blades - Severos|Claude
Rufus,last,any,1.0,Blades - Severos|Claude
Sabinus,last,any,1.0,Blades - Severos|Claude
Draxx,first,male,1.0,Blades - Tycheros|Claude
Krag,first,male,1.0,Blades - Tycheros|Claude
Zorn,first,male,1.0,Blades - Tycheros|Claude
Grix,first,male,1.0,Blades - Tycheros|Claude
Thex,first,male,1.0,Blades - Tycheros|Claude
Krugg,first,male,1.0,Blades - Tycheros|Claude
Rax,first,male,1.0,Blades - Tycheros|Claude
Vorg,first,male,1.0,Blades - Tycheros|Claude
Drex,first,male,1.0,Blades - Tycheros|Claude
Skarn,first,male,1.0,Blades - Tycheros|Claude
Thrax,first,male,1.0,Blades - Tycheros|Claude
Vaxx,first,male,1.0,Blades - Tycheros|Claude
Krynn,first,male,1.0,Blades - Tycheros|Claude
Drask,first,male,1.0,Blades - Tycheros|Claude
Grax,first,male,1.0,Blades - Tycheros|Claude
Vrix,first,male,1.0,Blades - Tycheros|Claude
Zax,first,male,1.0,Blades - Tycheros|Claude
Throg,first,male,1.0,Blades - Tycheros|Claude
Krix,first,male,1.0,Blades - Tycheros|Claude
Draya,first,female,1.0,Blades - Tycheros|Claude
Kressa,first,female,1.0,Blades - Tycheros|Claude
Vexia,first,female,1.0,Blades - Tycheros|Claude
Zareth,first,female,1.0,Blades - Tycheros|Claude
Thressa,first,female,1.0,Blades - Tycheros|Claude
Kryssa,first,female,1.0,Blades - Tycheros|Claude
Blackheart,last,any,1.0,Blades - Tycheros|Claude
Ironblood,last,any,1.0,Blades - Tycheros|Claude
Steelborn,last,any,1.0,Blades - Tycheros|Claude
Darkbane,last,any,1.0,Blades - Tycheros|Claude
Stormbringer,last,any,1.0,Blades - Tycheros|Claude
Grimshaw,last,any,1.0,Blades - Tycheros|Claude
Dreadmoor,last,any,1.0,Blades - Tycheros|Claude
Ravenclaw,last,any,1.0,Blades - Tycheros|Claude
Shadowmane,last,any,1.0,Blades - Tycheros|Claude
Bloodstone,last,any,1.0,Blades - Tycheros|Claude
Nightshade,last,any,1.0,Blades - Tycheros|Claude
Thornspike,last,any,1.0,Blades - Tycheros|Claude
Wolfsbane,last,any,1.0,Blades - Tycheros|Claude
Ashborne,last,any,1.0,Blades - Tycheros|Claude
Frostfang,last,any,1.0,Blades - Tycheros|Claude
Hardsteel,last,any,1.0,Blades - Tycheros|Claude
Ironhide,last,any,1.0,Blades - Tycheros|Claude
Blackforge,last,any,1.0,Blades - Tycheros|Claude
Stormcrow,last,any,1.0,Blades - Tycheros|Claude
Warblade,last,any,1.0,Blades - Tycheros|Claude
Rashid,first,male,1.0,Blades - Iruvia|Claude
Tariq,first,male,1.0,Blades - Iruvia|Claude
Khalil,first,male,1.0,Blades - Iruvia|Claude
Jameel,first,male,1.0,Blades - Iruvia|Claude
Nasir,first,male,1.0,Blades - Iruvia|Claude
Zahir,first,male,1.0,Blades - Iruvia|Claude
Idris,first,male,1.0,Blades - Iruvia|Claude
Malik,first,male,1.0,Blades - Iruvia|Claude
al-Rashid,last,any,1.0,Blades - Iruvia|Claude
al-Amin,last,any,1.0,Blades - Iruvia|Claude
al-Hakim,last,any,1.0,Blades - Iruvia|Claude
al-Mansur,last,any,1.0,Blades - Iruvia|Claude
al-Zahir,last,any,1.0,Blades - Iruvia|Claude
al-Fadil,last,any,1.0,Blades - Iruvia|Claude
al-Kamil,last,any,1.0,Blades - Iruvia|Claude
al-Nasir,last,any,1.0,Blades - Iruvia|Claude
al-Qadir,last,any,1.0,Blades - Iruvia|Claude
al-Saif,last,any,1.0,Blades - Iruvia|Claude
ibn-Malik,last,any,1.0,Blades - Iruvia|Claude
ibn-Hassan,last,any,1.0,Blades - Iruvia|Claude
ibn-Khalid,last,any,1.0,Blades - Iruvia|Claude
ibn-Tariq,last,any,1.0,Blades - Iruvia|Claude
ibn-Aziz,last,any,1.0,Blades - Iruvia|Claude
el-Rashidi,last,any,1.0,Blades - Iruvia|Claude
el-Masri,last,any,1.0,Blades - Iruvia|Claude
el-Baghdadi,last,any,1.0,Blades - Iruvia|Claude
el-Kassar,last,any,1.0,Blades - Iruvia|Claude
el-Jaziri,last,any,1.0,Blades - Iruvia|Claude
al-Sharif,last,any,1.0,Blades - Iruvia|Claude
Blair,first,male,1.0,Blades - Skovlan|Claude
Fraser,first,male,1.0,Blades - Skovlan|Claude
MacLeod,last,any,1.0,Blades - Skovlan|Claude
Vorn,first,male,1.0,Blades - Tycheros|Claude
Alexei,first,male,1.0,Blades - Skovlan|Claude
Boris,first,male,1.0,Blades - Skovlan|Claude
Dmitri,first,male,1.0,Blades - Skovlan|Claude
Igor,first,male,1.0,Blades - Skovlan|Claude
Ivan,first,male,1.0,Blades - Skovlan|Claude
Konstantin,first,male,1.0,Blades - Skovlan|Claude
Mikhail,first,male,1.0,Blades - Skovlan|Claude
Nikolai,first,male,1.0,Blades - Skovlan|Claude
Pavel,first,male,1.0,Blades - Skovlan|Claude
Sergei,first,male,1.0,Blades - Skovlan|Claude
Viktor,first,male,1.0,Blades - Skovlan|Claude
Vladimir,first,male,1.0,Blades - Skovlan|Claude
Yuri,first,male,1.0,Blades - Skovlan|Claude
Grigori,first,male,1.0,Blades - Skovlan|Claude
Anatoly,first,male,1.0,Blades - Skovlan|Claude
Maxim,first,male,1.0,Blades - Skovlan|Claude
Roman,first,male,1.0,Blades - Skovlan|Claude
Oleg,first,male,1.0,Blades - Skovlan|Claude
Pyotr,first,male,1.0,Blades - Skovlan|Claude
Ruslan,first,male,1.0,Blades - Skovlan|Claude
Anya,first,female,1.0,Blades - Skovlan|Claude
Ekaterina,first,female,1.0,Blades - Skovlan|Claude
Irina,first,female,1.0,Blades - Skovlan|Claude
Katya,first,female,1.0,Blades - Skovlan|Claude
Natasha,first,female,1.0,Blades - Skovlan|Claude
Olga,first,female,1.0,Blades - Skovlan|Claude
Svetlana,first,female,1.0,Blades - Skovlan|Claude
Tatiana,first,female,1.0,Blades - Skovlan|Claude
Yelena,first,female,1.0,Blades - Skovlan|Claude
Zoya,first,female,1.0,Blades - Skovlan|Claude
Volkov,last,any,1.0,Blades - Skovlan|Claude
Sokolov,last,any,1.0,Blades - Skovlan|Claude
Petrov,last,any,1.0,Blades - Skovlan|Claude
Ivanov,last,any,1.0,Blades - Skovlan|Claude
Morozov,last,any,1.0,Blades - Skovlan|Claude
Novikov,last,any,1.0,Blades - Skovlan|Claude
Orlov,last,any,1.0,Blades - Skovlan|Claude
Vasiliev,last,any,1.0,Blades - Skovlan|Claude
Romanov,last,any,1.0,Blades - Skovlan|Claude
Kozlov,last,any,1.0,Blades - Skovlan|Claude
Popov,last,any,1.0,Blades - Skovlan|Claude
Fedorov,last,any,1.0,Blades - Skovlan|Claude
Kuznetsov,last,any,1.0,Blades - Skovlan|Claude
Lebedev,last,any,1.0,Blades - Skovlan|Claude
Solovyev,last,any,1.0,Blades - Skovlan|Claude
Baranov,last,any,1.0,Blades - Skovlan|Claude
Zaytsev,last,any,1.0,Blades - Skovlan|Claude
Dietrich,first,male,1.0,Blades - Skovlan|Claude
Friedrich,first,male,1.0,Blades - Skovlan|Claude
Gunther,first,male,1.0,Blades - Skovlan|Claude
Heinrich,first,male,1.0,Blades - Skovlan|Claude
Klaus,first,male,1.0,Blades - Skovlan|Claude
Otto,first,male,1.0,Blades - Skovlan|Claude
Rolf,first,male,1.0,Blades - Skovlan|Claude
Werner,first,male,1.0,Blades - Skovlan|Claude
Wilhelm,first,male,1.0,Blades - Skovlan|Claude
Helmut,first,male,1.0,Blades - Skovlan|Claude
Greta,first,female,1.0,Blades - Skovlan|Claude
Heidi,first,female,1.0,Blades - Skovlan|Claude
Liesel,first,female,1.0,Blades - Skovlan|Claude
Schrder,last,any,1.0,Blades - Skovlan|Claude
Wagner,last,any,1.0,Blades - Skovlan|Claude
Becker,last,any,1.0,Blades - Skovlan|Claude
Hoffman,last,any,1.0,Blades - Skovlan|Claude
Schmidt,last,any,1.0,Blades - Skovlan|Claude
Mller,last,any,1.0,Blades - Skovlan|Claude
Fischer,last,any,1.0,Blades - Skovlan|Claude
Weber,last,any,1.0,Blades - Skovlan|Claude
Schneider,last,any,1.0,Blades - Skovlan|Claude
Klein,last,any,1.0,Blades - Skovlan|Claude
Neumann,last,any,1.0,Blades - Skovlan|Claude
Bjorn,first,male,1.0,Blades - Skovlan|Claude
Erik,first,male,1.0,Blades - Skovlan|Claude
Gunnar,first,male,1.0,Blades - Skovlan|Claude
Harald,first,male,1.0,Blades - Skovlan|Claude
Leif,first,male,1.0,Blades - Skovlan|Claude
Ragnar,first,male,1.0,Blades - Skovlan|Claude
Sven,first,male,1.0,Blades - Skovlan|Claude
Thor,first,male,1.0,Blades - Skovlan|Claude
Vidar,first,male,1.0,Blades - Skovlan|Claude
Haakon,first,male,1.0,Blades - Skovlan|Claude
Sigurd,first,male,1.0,Blades - Skovlan|Claude
Astrid,first,female,1.0,Blades - Skovlan|Claude
Freya,first,female,1.0,Blades - Skovlan|Claude
Helga,first,female,1.0,Blades - Skovlan|Claude
Sigrid,first,female,1.0,Blades - Skovlan|Claude
Thora,first,female,1.0,Blades - Skovlan|Claude
Ylva,first,female,1.0,Blades - Skovlan|Claude
Bjornsson,last,any,1.0,Blades - Skovlan|Claude
Eriksson,last,any,1.0,Blades - Skovlan|Claude
Gunnarson,last,any,1.0,Blades - Skovlan|Claude
Halvorsen,last,any,1.0,Blades - Skovlan|Claude
Karlsson,last,any,1.0,Blades - Skovlan|Claude
Larsson,last,any,1.0,Blades - Skovlan|Claude
Nordstrm,last,any,1.0,Blades - Skovlan|Claude
Olafsson,last,any,1.0,Blades - Skovlan|Claude
Thorsson,last,any,1.0,Blades - Skovlan|Claude
Johansson,last,any,1.0,Blades - Skovlan|Claude
Alaric,first,male,1.0,Blades - Skovlan|Claude
Branimir,first,male,1.0,Blades - Skovlan|Claude
Cormak,first,male,1.0,Blades - Skovlan|Claude
Dorovan,first,male,1.0,Blades - Skovlan|Claude
Gordan,first,male,1.0,Blades - Skovlan|Claude
Kieran,first,male,1.0,Blades - Skovlan|Claude
Miroslav,first,male,1.0,Blades - Skovlan|Claude
Rorik,first,male,1.0,Blades - Skovlan|Claude
Vladrik,first,male,1.0,Blades - Skovlan|Claude
Katrin,first,female,1.0,Blades - Skovlan|Claude
Morva,first,female,1.0,Blades - Skovlan|Claude
Niamhka,first,female,1.0,Blades - Skovlan|Claude
Roisya,first,female,1.0,Blades - Skovlan|Claude
MacIvan,last,any,1.0,Blades - Skovlan|Claude
OBryanov,last,any,1.0,Blades - Skovlan|Claude
Donovich,last,any,1.0,Blades - Skovlan|Claude
Finnovsky,last,any,1.0,Blades - Skovlan|Claude
MacMikhail,last,any,1.0,Blades - Skovlan|Claude
Rowanov,last,any,1.0,Blades - Skovlan|Claude
Kelnikov,last,any,1.0,Blades - Skovlan|Claude
Brankov,last,any,1.0,Blades - Skovlan|Claude
Gallagher,last,any,1.0,Blades - Skovlan|Claude
Muranov,last,any,1.0,Blades - Skovlan|Claude
